Source,Target,Location,Link
N1,N2,N1,N1<->N2
N3,N2,N3,N3<->N2
N4,N1,N4,N4<->N1
N5,N2,N5,N5<->N2
N4,N5,N4,N4<->N5
N6,N7,N6,N6<->N7
N8,N7,N8,N8<->N7
N8,N6,N8,N8<->N6
N9,N2,N9,N9<->N2
N10,N2,N10,N10<->N2
N9,N10,N9,N9<->N10
N6,N2,N6,N6<->N2
N7,N2,N7,N7<->N2
N11,N2,N11,N11<->N2
N8,N2,N8,N8<->N2
N11,N12,N11,N11<->N12
N12,N13,N12,N12<->N13
N14,N12,N14,N14<->N12
N15,N16,N15,N15<->N16
N15,N13,N15,N15<->N13
N14,N13,N14,N14<->N13
N16,N12,N16,N16<->N12
N17,N13,N17,N17<->N13
N12,N17,N12,N12<->N17
N16,N13,N16,N16<->N13
N18,N16,N18,N18<->N16
N18,N13,N18,N18<->N13
N19,N12,N19,N19<->N12
N18,N12,N18,N18<->N12
N14,N20,N14,N14<->N20
N13,N20,N13,N13<->N20
N21,N13,N21,N21<->N13
N19,N13,N19,N19<->N13
N15,N17,N15,N15<->N17
N12,N20,N12,N12<->N20
N21,N16,N21,N21<->N16
N15,N12,N15,N15<->N12
N20,N22,N20,N20<->N22
N23,N20,N23,N23<->N20
N23,N22,N23,N23<->N22
N18,N17,N18,N18<->N17
N12,N22,N12,N12<->N22
N24,N17,N24,N24<->N17
N15,N25,N15,N15<->N25
N15,N26,N15,N15<->N26
N27,N20,N27,N27<->N20
N28,N13,N28,N28<->N13
N29,N17,N29,N29<->N17
N28,N12,N28,N28<->N12
N16,N28,N16,N16<->N28
N18,N28,N18,N18<->N28
N15,N22,N15,N15<->N22
N14,N22,N14,N14<->N22
N30,N13,N30,N30<->N13
N19,N28,N19,N19<->N28
N21,N12,N21,N21<->N12
N31,N13,N31,N31<->N13
N21,N32,N21,N21<->N32
N18,N21,N18,N18<->N21
N32,N33,N32,N32<->N33
N2,N12,N2,N2<->N12
N16,N2,N16,N16<->N2
N34,N13,N34,N34<->N13
N2,N13,N2,N2<->N13
N18,N2,N18,N18<->N2
N21,N2,N21,N21<->N2
N18,N35,N18,N18<->N35
N36,N17,N36,N36<->N17
N37,N17,N37,N37<->N17
N18,N38,N18,N18<->N38
N39,N32,N39,N39<->N32
N39,N33,N39,N39<->N33
N40,N13,N40,N40<->N13
N40,N17,N40,N40<->N17
N41,N12,N41,N41<->N12
N42,N17,N42,N42<->N17
N43,N13,N43,N43<->N13
N44,N45,N44,N44<->N45
N46,N13,N46,N46<->N13
N39,N47,N39,N39<->N47
N44,N13,N44,N44<->N13
N17,N35,N17,N17<->N35
N47,N17,N47,N47<->N17
N47,N36,N47,N47<->N36
N48,N49,N48,N48<->N49
N50,N12,N50,N50<->N12
N51,N46,N51,N51<->N46
N39,N36,N39,N39<->N36
N48,N47,N48,N48<->N47
N48,N36,N48,N48<->N36
N49,N47,N49,N49<->N47
N48,N39,N48,N48<->N39
N39,N17,N39,N39<->N17
N52,N36,N52,N52<->N36
N53,N17,N53,N53<->N17
N47,N13,N47,N47<->N13
N54,N33,N54,N54<->N33
N16,N55,N16,N16<->N55
N44,N33,N44,N44<->N33
N16,N11,N16,N16<->N11
N56,N12,N56,N56<->N12
N50,N11,N50,N50<->N11
N11,N13,N11,N11<->N13
N50,N57,N50,N50<->N57
N58,N13,N58,N58<->N13
N59,N46,N59,N59<->N46
N60,N12,N60,N60<->N12
N61,N54,N61,N61<->N54
N62,N63,N62,N62<->N63
N62,N60,N62,N62<->N60
N63,N12,N63,N63<->N12
N43,N12,N43,N43<->N12
N62,N12,N62,N62<->N12
N61,N12,N61,N61<->N12
N62,N61,N62,N62<->N61
N64,N28,N64,N64<->N28
N65,N28,N65,N65<->N28
N64,N12,N64,N64<->N12
N66,N12,N66,N66<->N12
N61,N16,N61,N61<->N16
N19,N11,N19,N19<->N11
N67,N68,N67,N67<->N68
N67,N69,N67,N67<->N69
N67,N70,N67,N67<->N70
N67,N71,N67,N67<->N71
N67,N72,N67,N67<->N72
N67,N28,N67,N67<->N28
N73,N28,N73,N73<->N28
N74,N28,N74,N74<->N28
N67,N75,N67,N67<->N75
N70,N71,N70,N70<->N71
N70,N28,N70,N70<->N28
N76,N47,N76,N76<->N47
N47,N77,N47,N47<->N77
N32,N78,N32,N32<->N78
N47,N79,N47,N47<->N79
N80,N47,N80,N80<->N47
N39,N77,N39,N39<->N77
N36,N77,N36,N36<->N77
N81,N47,N81,N81<->N47
N82,N13,N82,N82<->N13
N83,N13,N83,N83<->N13
N83,N31,N83,N83<->N31
N84,N13,N84,N84<->N13
N85,N13,N85,N85<->N13
N82,N31,N82,N82<->N31
N73,N31,N73,N73<->N31
N21,N31,N21,N21<->N31
N73,N13,N73,N73<->N13
N21,N86,N21,N21<->N86
N84,N31,N84,N84<->N31
N87,N13,N87,N87<->N13
N88,N13,N88,N88<->N13
N89,N13,N89,N89<->N13
N21,N88,N21,N21<->N88
N16,N31,N16,N16<->N31
N82,N16,N82,N82<->N16
N89,N31,N89,N89<->N31
N83,N89,N83,N83<->N89
N90,N13,N90,N90<->N13
N90,N89,N90,N90<->N89
N91,N21,N91,N91<->N21
N21,N89,N21,N21<->N89
N92,N13,N92,N92<->N13
N93,N92,N93,N93<->N92
N93,N13,N93,N93<->N13
N94,N13,N94,N94<->N13
N93,N31,N93,N93<->N31
N92,N31,N92,N92<->N31
N95,N13,N95,N95<->N13
N93,N96,N93,N93<->N96
N97,N13,N97,N97<->N13
N98,N13,N98,N98<->N13
N99,N13,N99,N99<->N13
N13,N100,N13,N13<->N100
N101,N13,N101,N101<->N13
N102,N103,N102,N102<->N103
N104,N46,N104,N104<->N46
N104,N51,N104,N104<->N51
N82,N46,N82,N82<->N46
N82,N59,N82,N82<->N59
N105,N106,N105,N105<->N106
N105,N46,N105,N105<->N46
N105,N51,N105,N105<->N51
N106,N46,N106,N106<->N46
N106,N51,N106,N106<->N51
N106,N104,N106,N106<->N104
N102,N51,N102,N102<->N51
N102,N46,N102,N102<->N46
N28,N46,N28,N28<->N46
N46,N107,N46,N46<->N107
N28,N107,N28,N28<->N107
N108,N46,N108,N108<->N46
N109,N46,N109,N109<->N46
N108,N107,N108,N108<->N107
N110,N107,N110,N110<->N107
N107,N111,N107,N107<->N111
N82,N28,N82,N82<->N28
N112,N113,N112,N112<->N113
N112,N114,N112,N112<->N114
N115,N46,N115,N115<->N46
N116,N46,N116,N116<->N46
N117,N46,N117,N117<->N46
N112,N46,N112,N112<->N46
N112,N115,N112,N112<->N115
N29,N28,N29,N29<->N28
N40,N28,N40,N40<->N28
N73,N16,N73,N73<->N16
N28,N17,N28,N28<->N17
N73,N17,N73,N73<->N17
N40,N16,N40,N40<->N16
N18,N118,N18,N18<->N118
N28,N119,N28,N28<->N119
N29,N120,N29,N29<->N120
N121,N120,N121,N121<->N120
N42,N122,N42,N42<->N122
N123,N124,N123,N123<->N124
N123,N125,N123,N123<->N125
N40,N125,N40,N40<->N125
N124,N125,N124,N124<->N125
N123,N40,N123,N123<->N40
N122,N17,N122,N122<->N17
N124,N17,N124,N124<->N17
N17,N125,N17,N17<->N125
N123,N17,N123,N123<->N17
N24,N40,N24,N24<->N40
N126,N17,N126,N126<->N17
N126,N40,N126,N126<->N40
N40,N124,N40,N40<->N124
N120,N17,N120,N120<->N17
N121,N17,N121,N121<->N17
N40,N122,N40,N40<->N122
N42,N40,N42,N42<->N40
N73,N29,N73,N73<->N29
N120,N127,N120,N120<->N127
N121,N128,N121,N121<->N128
N120,N122,N120,N120<->N122
N121,N129,N121,N121<->N129
N130,N17,N130,N130<->N17
N129,N120,N129,N129<->N120
N131,N17,N131,N131<->N17
N44,N17,N44,N44<->N17
N132,N17,N132,N132<->N17
N133,N134,N133,N133<->N134
N133,N17,N133,N133<->N17
N54,N12,N54,N54<->N12
N1,N2,N2,N1<->N2
N3,N2,N2,N3<->N2
N4,N1,N1,N4<->N1
N5,N2,N2,N5<->N2
N4,N5,N5,N4<->N5
N6,N7,N7,N6<->N7
N8,N7,N7,N8<->N7
N8,N6,N6,N8<->N6
N9,N2,N2,N9<->N2
N10,N2,N2,N10<->N2
N9,N10,N10,N9<->N10
N6,N2,N2,N6<->N2
N7,N2,N2,N7<->N2
N11,N2,N2,N11<->N2
N8,N2,N2,N8<->N2
N11,N12,N12,N11<->N12
N12,N13,N13,N12<->N13
N14,N12,N12,N14<->N12
N15,N16,N16,N15<->N16
N15,N13,N13,N15<->N13
N14,N13,N13,N14<->N13
N16,N12,N12,N16<->N12
N17,N13,N13,N17<->N13
N12,N17,N17,N12<->N17
N16,N13,N13,N16<->N13
N18,N16,N16,N18<->N16
N18,N13,N13,N18<->N13
N19,N12,N12,N19<->N12
N18,N12,N12,N18<->N12
N14,N20,N20,N14<->N20
N13,N20,N20,N13<->N20
N21,N13,N13,N21<->N13
N19,N13,N13,N19<->N13
N15,N17,N17,N15<->N17
N12,N20,N20,N12<->N20
N21,N16,N16,N21<->N16
N15,N12,N12,N15<->N12
N20,N22,N22,N20<->N22
N23,N20,N20,N23<->N20
N23,N22,N22,N23<->N22
N18,N17,N17,N18<->N17
N12,N22,N22,N12<->N22
N24,N17,N17,N24<->N17
N15,N25,N25,N15<->N25
N15,N26,N26,N15<->N26
N27,N20,N20,N27<->N20
N28,N13,N13,N28<->N13
N29,N17,N17,N29<->N17
N28,N12,N12,N28<->N12
N16,N28,N28,N16<->N28
N18,N28,N28,N18<->N28
N15,N22,N22,N15<->N22
N14,N22,N22,N14<->N22
N30,N13,N13,N30<->N13
N19,N28,N28,N19<->N28
N21,N12,N12,N21<->N12
N31,N13,N13,N31<->N13
N21,N32,N32,N21<->N32
N18,N21,N21,N18<->N21
N32,N33,N33,N32<->N33
N2,N12,N12,N2<->N12
N16,N2,N2,N16<->N2
N34,N13,N13,N34<->N13
N2,N13,N13,N2<->N13
N18,N2,N2,N18<->N2
N21,N2,N2,N21<->N2
N18,N35,N35,N18<->N35
N36,N17,N17,N36<->N17
N37,N17,N17,N37<->N17
N18,N38,N38,N18<->N38
N39,N32,N32,N39<->N32
N39,N33,N33,N39<->N33
N40,N13,N13,N40<->N13
N40,N17,N17,N40<->N17
N41,N12,N12,N41<->N12
N42,N17,N17,N42<->N17
N43,N13,N13,N43<->N13
N44,N45,N45,N44<->N45
N46,N13,N13,N46<->N13
N39,N47,N47,N39<->N47
N44,N13,N13,N44<->N13
N17,N35,N35,N17<->N35
N47,N17,N17,N47<->N17
N47,N36,N36,N47<->N36
N48,N49,N49,N48<->N49
N50,N12,N12,N50<->N12
N51,N46,N46,N51<->N46
N39,N36,N36,N39<->N36
N48,N47,N47,N48<->N47
N48,N36,N36,N48<->N36
N49,N47,N47,N49<->N47
N48,N39,N39,N48<->N39
N39,N17,N17,N39<->N17
N52,N36,N36,N52<->N36
N53,N17,N17,N53<->N17
N47,N13,N13,N47<->N13
N54,N33,N33,N54<->N33
N16,N55,N55,N16<->N55
N44,N33,N33,N44<->N33
N16,N11,N11,N16<->N11
N56,N12,N12,N56<->N12
N50,N11,N11,N50<->N11
N11,N13,N13,N11<->N13
N50,N57,N57,N50<->N57
N58,N13,N13,N58<->N13
N59,N46,N46,N59<->N46
N60,N12,N12,N60<->N12
N61,N54,N54,N61<->N54
N62,N63,N63,N62<->N63
N62,N60,N60,N62<->N60
N63,N12,N12,N63<->N12
N43,N12,N12,N43<->N12
N62,N12,N12,N62<->N12
N61,N12,N12,N61<->N12
N62,N61,N61,N62<->N61
N64,N28,N28,N64<->N28
N65,N28,N28,N65<->N28
N64,N12,N12,N64<->N12
N66,N12,N12,N66<->N12
N61,N16,N16,N61<->N16
N19,N11,N11,N19<->N11
N67,N68,N68,N67<->N68
N67,N69,N69,N67<->N69
N67,N70,N70,N67<->N70
N67,N71,N71,N67<->N71
N67,N72,N72,N67<->N72
N67,N28,N28,N67<->N28
N73,N28,N28,N73<->N28
N74,N28,N28,N74<->N28
N67,N75,N75,N67<->N75
N70,N71,N71,N70<->N71
N70,N28,N28,N70<->N28
N76,N47,N47,N76<->N47
N47,N77,N77,N47<->N77
N32,N78,N78,N32<->N78
N47,N79,N79,N47<->N79
N80,N47,N47,N80<->N47
N39,N77,N77,N39<->N77
N36,N77,N77,N36<->N77
N81,N47,N47,N81<->N47
N82,N13,N13,N82<->N13
N83,N13,N13,N83<->N13
N83,N31,N31,N83<->N31
N84,N13,N13,N84<->N13
N85,N13,N13,N85<->N13
N82,N31,N31,N82<->N31
N73,N31,N31,N73<->N31
N21,N31,N31,N21<->N31
N73,N13,N13,N73<->N13
N21,N86,N86,N21<->N86
N84,N31,N31,N84<->N31
N87,N13,N13,N87<->N13
N88,N13,N13,N88<->N13
N89,N13,N13,N89<->N13
N21,N88,N88,N21<->N88
N16,N31,N31,N16<->N31
N82,N16,N16,N82<->N16
N89,N31,N31,N89<->N31
N83,N89,N89,N83<->N89
N90,N13,N13,N90<->N13
N90,N89,N89,N90<->N89
N91,N21,N21,N91<->N21
N21,N89,N89,N21<->N89
N92,N13,N13,N92<->N13
N93,N92,N92,N93<->N92
N93,N13,N13,N93<->N13
N94,N13,N13,N94<->N13
N93,N31,N31,N93<->N31
N92,N31,N31,N92<->N31
N95,N13,N13,N95<->N13
N93,N96,N96,N93<->N96
N97,N13,N13,N97<->N13
N98,N13,N13,N98<->N13
N99,N13,N13,N99<->N13
N13,N100,N100,N13<->N100
N101,N13,N13,N101<->N13
N102,N103,N103,N102<->N103
N104,N46,N46,N104<->N46
N104,N51,N51,N104<->N51
N82,N46,N46,N82<->N46
N82,N59,N59,N82<->N59
N105,N106,N106,N105<->N106
N105,N46,N46,N105<->N46
N105,N51,N51,N105<->N51
N106,N46,N46,N106<->N46
N106,N51,N51,N106<->N51
N106,N104,N104,N106<->N104
N102,N51,N51,N102<->N51
N102,N46,N46,N102<->N46
N28,N46,N46,N28<->N46
N46,N107,N107,N46<->N107
N28,N107,N107,N28<->N107
N108,N46,N46,N108<->N46
N109,N46,N46,N109<->N46
N108,N107,N107,N108<->N107
N110,N107,N107,N110<->N107
N107,N111,N111,N107<->N111
N82,N28,N28,N82<->N28
N112,N113,N113,N112<->N113
N112,N114,N114,N112<->N114
N115,N46,N46,N115<->N46
N116,N46,N46,N116<->N46
N117,N46,N46,N117<->N46
N112,N46,N46,N112<->N46
N112,N115,N115,N112<->N115
N29,N28,N28,N29<->N28
N40,N28,N28,N40<->N28
N73,N16,N16,N73<->N16
N28,N17,N17,N28<->N17
N73,N17,N17,N73<->N17
N40,N16,N16,N40<->N16
N18,N118,N118,N18<->N118
N28,N119,N119,N28<->N119
N29,N120,N120,N29<->N120
N121,N120,N120,N121<->N120
N42,N122,N122,N42<->N122
N123,N124,N124,N123<->N124
N123,N125,N125,N123<->N125
N40,N125,N125,N40<->N125
N124,N125,N125,N124<->N125
N123,N40,N40,N123<->N40
N122,N17,N17,N122<->N17
N124,N17,N17,N124<->N17
N17,N125,N125,N17<->N125
N123,N17,N17,N123<->N17
N24,N40,N40,N24<->N40
N126,N17,N17,N126<->N17
N126,N40,N40,N126<->N40
N40,N124,N124,N40<->N124
N120,N17,N17,N120<->N17
N121,N17,N17,N121<->N17
N40,N122,N122,N40<->N122
N42,N40,N40,N42<->N40
N73,N29,N29,N73<->N29
N120,N127,N127,N120<->N127
N121,N128,N128,N121<->N128
N120,N122,N122,N120<->N122
N121,N129,N129,N121<->N129
N130,N17,N17,N130<->N17
N129,N120,N120,N129<->N120
N131,N17,N17,N131<->N17
N44,N17,N17,N44<->N17
N132,N17,N17,N132<->N17
N133,N134,N134,N133<->N134
N133,N17,N17,N133<->N17
N54,N12,N12,N54<->N12
